AACCATGT, 2
TGCTTGAA, 2
AAATGCTT, 2
TCTGCCTC, 2
GCTTGAA, 2
TGCTTGA, 2
AAATGCT, 2
TGATGAA, 2
CTTGAAA, 2
CCAAAGC, 3
GCTGTGG, 2
CTGGAA, 4
TCACACG, 2
AGCTTCA, 2
TGAGCTT, 2
CCAAAG, 7
GCCAACA, 2
TCAGTGTG, 2
AAATATG, 2
AGTGAC, 4
ACCAT, 7
CTGTGAA, 2
GCTGTTT, 2
CATCTAT, 2
CTCCATG, 2
AGTCAGA, 2
TCCTCC, 3
GATATG, 2
AAGGGAG, 2
AACCCCA, 2
GTCCAAG, 2
TCATGA, 2
CCCTT, 6
GAGCTT, 3
CACAT, 6
GTCAGA, 3
ATATTCT, 2
AAGGT, 5
CACATTA, 2
CAATGG, 2
CATGTCT, 2
CCATGTC, 2
TTTGCA, 2
ACCTTGA, 2
GAAGCAG, 2
TGTCCAC, 2
AATG, 2
AGGCACA, 2
AGAGGCA, 3
AGTCCA, 3
CCAGTGG, 3
ACCAGTG, 2
ACAA, 30
GTCCAT, 2
ACGCCT, 2
CACAGTC, 2
ATGGCA, 4
ATCTT, 5
GCTACCA, 3
CTGCT, 9
GACTT, 2
TACTCCA, 3
GGAAATG, 3
CTGTCCAA, 2
CTGG, 29
GTCCA, 10
CTCCCAG, 2
CGGAT, 2
CTTTGGG, 2
GATTT, 2
CCCAGCC, 2
CTCACAC, 3
TTGTGAA, 2
GGGACCA, 2
CGTGT, 3
CACAAGA, 2
AGTCCAG, 2
CAGTCCA, 2
AGGGA, 5
GAAGGCA, 2
GGGA, 20
ATCTATG, 2
GGAAGGAA, 2
TAAGA, 3
AAGAAGG, 2
CTCTGTC, 2
CTGGTT, 2
GCCTCT, 3
CATTTTT, 2
ACTGAGG, 2
CTTCACA, 2
TCATC, 7
GAAATGA, 2
AGGAAGG, 2
TGCATC, 4
ACCC, 13
TCCAGG, 2
CTTACT, 3
CTCCAA, 2
GACCTC, 2
AAAAGG, 3
AACCTG, 2
CAACCT, 2
CAAAGC, 3
ACAGA, 6
CGCCCT, 3
AAACAG, 2
CACAGC, 4
AGAATT, 2
AGTCAC, 3
AAGCTC, 2
GAGTCA, 3
ACAGTGAA, 2
TCCACTG, 2
GGAAGGA, 4
AAAT, 24
CTCCCA, 2
CACAAA, 2
TCAGCC, 2
CTTTCTG, 2
AGAAGGA, 5
AGACATG, 2
CACCTG, 2
GCTTCA, 3
GGATTT, 2
GTGGAT, 2
ACAAAT, 2
TTGAAA, 3
GTGGAGA, 4
ATGATG, 2
GAATG, 7
CAAAAT, 2
TGCAAA, 3
CAGAG, 10
ATTGGG, 2
CTGCA, 7
ACCAGGGC, 2
TGTTTT, 2
TCTATC, 2
ATGCTG, 3
ACAACC, 2
TCCTGT, 2
AGTAG, 3
AAGGCTG, 2
AATGCTT, 2
TGAAGG, 3
CCCTCTC, 2
CTTGAA, 3
GAAGAC, 6
GCAGGA, 2
CTTTT, 4
TCTGTG, 3
ACTGGG, 2
TCTGTGA, 2
GGCATT, 3
AGGCAT, 2
GGGAGG, 2
CACTGAGA, 2
GGCAAA, 2
TAATGG, 3
AGCTCT, 3
GAAGCT, 2
CTGCTG, 2
GTAAA, 3
TATTCT, 2
TATATT, 2
TACTCA, 2
GGCAC, 5
ACTACC, 2
GAC, 67
GTCTCA, 4
GAGAC, 7
ATGTCT, 3
CATGTC, 2
TGAGTT, 2
TCCACC, 2
CAAGAG, 3
GCAAGA, 2
AAAGA, 6
TATGAA, 2
CCCCAA, 3
TCTCCC, 4
TATCTT, 2
CTTATC, 2
AACACT, 3
ACTGCT, 4
CCTAT, 6
GGCACA, 2
CTTCAG, 3
AGAGGC, 5
ACGAAG, 2
CACGAA, 2
ATACTC, 2
ACCAGT, 2
AAGGAT, 3
TTACAA, 2
GGGTCA, 3
TCTCTT, 2
ACCTCT, 2
TACCTC, 2
CACCAA, 2
AAACCCAA, 2
ACACCA, 3
AACACC, 2
TCAACA, 4
AGAAGGAA, 3
AGGA, 39
TTACTC, 3
ATTACT, 2
TGCTGT, 2
TATGA, 6
AAACTA, 2
GCAAAC, 3
CCAGTGGG, 2
ATCAAG, 3
AGTCAT, 3
AAGTCA, 5
AGAAG, 16
CCATGTCT, 2
CCAAAT, 4
CCCTAT, 2
AAAAT, 4
TGCCCA, 3
AAAGGC, 2
AGTAGA, 2
TGTC, 29
TGCGCC, 2
GGCAGG, 4
TGGGCA, 2
AAGGACC, 2
TTCCCT, 3
CCCCA, 4
TGAAGAT, 3
ATTGT, 3
ATAA, 8
GGCAGGT, 2
TGATA, 2
TCTCCATG, 2
GACAGG, 2
CACTTT, 2
ACACTT, 2
ACTCAC, 2
AAAGTG, 3
ATCCC, 3
CCTCACA, 2
TGTTCT, 6
CGCAG, 2
AGGCAG, 3
AGGCACC, 2
GACCTG, 3
GGCCAT, 4
GGAACA, 2
CAACAC, 3
GAAACT, 2
TGAAAC, 4
AAATGA, 3
GCTTGT, 2
CCAAGT, 4
AGGAGT, 4
TGAAAAT, 2
AGAGGA, 3
CTACCAG, 2
CTGAAG, 8
GCTGAA, 3
GCTTCC, 5
CAGCTG, 2
TGGTGGT, 3
CTGGC, 4
TTTTC, 4
TTGGGAG, 2
AAAAG, 4
ACAAC, 6
GGTTT, 4
CCCTGT, 4
ACACC, 4
CTGTTA, 2
AAAGC, 3
CTCCG, 3
AGTCTGGT, 2
CACGC, 2
AGCTT, 7
TGTC, 2
GATGT, 5
GTCAC, 4
ATGAT, 3
ATTGG, 3
TTACC, 5
TTTAC, 4
CAGCC, 11
TATGC, 2
CGCTC, 2
TTGCT, 6
ATGTGAA, 2
CGCCTCA, 2
CCATT, 3
GGGCC, 3
AAGAC, 8
AGCAG, 9
GAACCA, 2
CGAAC, 2
GGCAT, 3
ATCTG, 5
GGGGC, 3
CTGGG, 8
GCTGG, 4
ATTCT, 3
TAAC, 7
GTTCTCC, 2
GCCAT, 8
TACCC, 2
TCATT, 4
ACTAC, 3
TGAAC, 4
GGCCTT, 3
AATTCC, 2
TTGGA, 3
CATGA, 4
AAGACA, 4
ACCTT, 4
CACCT, 4
CTCTCT, 2
CTTGT, 4
TGTCCAT, 2
CTTAT, 2
TTCAT, 5
GCTTA, 4
GGCTGA, 3
CGAAG, 2
CCTTG, 5
ACGAA, 4
GGTGT, 2
GGCTA, 2
CGGCT, 2
ACGGC, 2
ATACCA, 2
TTCTTC, 3
ATGGG, 6
AAGAGC, 2
AATTA, 2
ACAGGA, 2
CAGTC, 10
CTTAC, 3
ACCTC, 5
TGGGT, 3
AACAC, 9
ACGGA, 4
AAACCC, 2
TTTACC, 2
AATGC, 8
ATTAC, 4
TATTA, 4
GCAAA, 8
TCATA, 3
AATAA, 2
TTGCTCC, 2
AAATA, 4
GGCGT, 2
GTAGA, 3
TGCGC, 2
GTGCC, 2
CGTGA, 2
TTGGG, 5
TTTGG, 4
GTCTCAT, 2
CTGCTT, 3
GACTC, 2
GGACT, 6
TAACC, 4
CACAGT, 4
CATAA, 3
GGACC, 8
AAGGC, 9
ACTGG, 6
TTACTG, 2
GAACA, 4
AGATC, 4
ACTTC, 2
AAATG, 9
GTATG, 2
CGTC, 3
TGGCTC, 3
GCGA, 3
AAGGACA, 2
CCAAAGTC, 2
CGGG, 3
CCGG, 3
TCGG, 3
CGGC, 5
TACG, 5
TACT, 12
ATTA, 11
ACTA, 8
TATT, 7
CTAG, 3
ACTCAG, 2
TAACAG, 2
AGGCTG, 2
CCAG, 38
TGAAAGT, 3
AGTGGACA, 2
GGTGTCA, 2
AACCATG, 2
TTATCT, 4
CCATCAC, 2
GCCTGG, 4
TGTGGAG, 2
GGGTC, 3
GACCACA, 2
GTGCTG, 2
GAGAAG, 4
ACCTTG, 2
AAGACT, 3
TCCAGAC, 2
TCCATC, 2
GGACATG, 2
AGCTGT, 3
AAATAT, 2
ATATTC, 3
TATACC, 2
CAGTCC, 4
TGGACT, 2
TGACA, 3
TACCA, 7
ACCAG, 11
GTGCA, 4
CAACAA, 4
ACCCTG, 3
GAAC, 12
TTTCC, 4
CACT, 22
ATGC, 16
CCACCT, 2
GGCTT, 4
GTTAC, 4
CTGTCC, 6
GAAAAG, 4
GTA, 41
TTCCTA, 2
CCATGCA, 2
GTAACAGT, 2
AACAAG, 2
GGACCT, 3
CTTATCT, 2
AGTTC, 3
AACTC, 6
GCTA, 6
ACCAGTGG, 2
CATTTT, 3
CAGCAAA, 2
TCATG, 2
TATGATG, 2
TGCTCCT, 4
AGGGCT, 2
TGTTGTC, 2
TCAGGTGG, 2
GGGG, 9
ACAACAAC, 2
TGGTGGTA, 2
GTGGTGGT, 2
AGGTGGTG, 2
GTATGA, 2
CCTTCCAG, 2
CATCAGAG, 2
AGAGGCAC, 2
TCATCAGA, 2
TAG, 19
TCCCT, 10
GAGAG, 2
CTCCTACA, 2
GAGCAT, 2
TCTG, 35
CTGAC, 3
TACCAA, 2
CCAGA, 11
TTAAT, 2
ACAGTGG, 2
CGCCTC, 2
ACCTGC, 2
CAGTTC, 2
CTCCTG, 2
GCCATG, 3
AGCTTC, 5
CCT, 110
TTAC, 16
CAATGCT, 2
GAAGAGG, 3
TCTCT, 6
TTGAGC, 2
GGAGTC, 3
GTGTC, 8
GCGT, 3
TATGAT, 3
GGGTG, 2
AGGACAG, 2
TTTTAC, 2
GGTT, 11
GTGTG, 4
TGGG, 21
CAGTGAAA, 3
GGTA, 9
CTGGTC, 3
CCAGGGCA, 2
AACCCA, 3
AGCTTCC, 2
TTATG, 2
CCTTC, 15
TTTGTCCA, 3
GAAGAGGC, 2
AAAGAT, 4
TCTAC, 2
CATCTA, 2
CCCTA, 4
TTTGTC, 3
AGTC, 27
GGGGAC, 2
GTGAC, 6
ACGGATG, 2
TTGAT, 5
TCTGCCT, 3
GCTGAAG, 2
AAAGGACC, 2
GGTCA, 4
GAAA, 34
AGTGAAAG, 2
TCCAAGTG, 2
ACCAAA, 4
TTACCA, 2
GAACT, 2
CTGTCT, 2
GCTTGA, 2
TAGGG, 3
GTGCAG, 2
CTTGTG, 3
TGCAG, 5
CCTCACTG, 3
AGGCAC, 5
AATGAGGA, 2
ACTGTG, 4
AGTCTTCA, 2
TGTGTG, 2
CCCAAAGT, 2
TCCCAAAG, 2
GCTGTT, 2
TTCACACT, 2
CTGTCCCA, 2
GCTGTCCC, 2
GAGGAG, 2
CTCTGC, 3
TGCAAAA, 2
CTTTGG, 2
ACTGTGTC, 2
CAAAA, 3
AGGTTT, 2
GCAGGAA, 2
ACAAGA, 3
GCTCG, 2
TCCTTG, 3
TTGG, 13
AGCCCA, 3
AAGTGG, 3
TGT, 2
AGGAACA, 2
TCGCT, 2
GGCTCCTA, 2
GGCTGAA, 2
GTGACTGT, 2
CTGAATGA, 2
TAGA, 5
TTCTGAA, 3
TATACCA, 2
ACTGCCAC, 2
CGAGT, 2
GTGC, 12
TCCCTG, 7
CCCTGA, 5
TGGCTT, 2
GAGCCT, 4
CTCACT, 3
TTCTGGTC, 2
CTTGG, 5
ACAAGGT, 2
TATCT, 7
TACCAAA, 2
GAAAGT, 4
GGAGTAG, 2
TAGAG, 2
GTGGAA, 3
ATCAG, 7
CCAGCC, 4
GAAGAAG, 2
CCTGA, 11
GTGATG, 2
AGGGAGG, 2
CAGCCC, 3
TCTCAA, 3
TGGTCCTC, 2
AACATC, 2
AAAA, 13
TCTTCTCC, 2
GAATA, 3
ATTGCT, 2
AGGAAG, 5
TGCATCA, 2
CCATA, 4
TCATCCAA, 2
CTTCATCC, 2
ACAATGGC, 2
ATATGG, 6
GTTGT, 2
GATGTG, 2
GGC, 62
GCGG, 5
CAGAAA, 3
TCTCCTCC, 2
CTGTTCTC, 2
ATCTA, 4
GTGCT, 5
AACCCAA, 3
ACAGTCTG, 2
CATGGA, 4
GCCCAT, 2
ACAGTGA, 3
CTCC, 35
ATATT, 5
CTGAAGA, 5
CAGCAGG, 2
GTTGAT, 2
GTCC, 26
TGG, 101
TCAACAC, 2
TCTTCCA, 2
AGAT, 18
GAAGGAA, 5
TATGGCT, 2
GTGTCAG, 2
AGTGGAC, 3
CAGTGGA, 2
CACA, 36
AATATG, 3
GCCAC, 4
CGCCTA, 2
TCTATG, 3
TTGTGA, 3
GCTTATC, 2
GACGT, 2
CCATTGG, 2
GCCCTC, 3
CCAGG, 10
ACTGCCA, 2
CCCAAGC, 3
TGGGG, 5
CAAGC, 6
GCTGGA, 2
ACCTGG, 2
CTGGAGT, 2
CTCTGCC, 3
TCCCTGG, 2
CACGA, 2
GGAGAA, 3
AAGAGG, 4
ATGGGAA, 3
CACATAT, 2
GCCTATA, 2
GGAAGGC, 3
ATGAC, 3
CATTA, 3
AAACAC, 4
GATGAAT, 2
GAGATGA, 2
AAGAGAT, 2
GACATT, 2
AGTCTG, 4
TATAT, 5
TACAAAC, 2
AGCCTC, 4
ACG, 24
CAATA, 2
CTGA, 31
CACAGA, 2
AGGGGA, 2
TTACTCC, 2
TGTGGCC, 2
TCCTACA, 2
TGAAGT, 4
GAGTCT, 2
CTGTGAGC, 2
CTCAGA, 3
TGCTTC, 2
GAGGACA, 2
GAATGAC, 2
TGTCCCA, 3
TGCTTG, 3
GCTACC, 4
TGAGCT, 4
GGCTGT, 3
TCACCAT, 2
ACCTGA, 4
CTATGC, 2
CCAGGG, 4
CATGCA, 2
AACCAA, 3
AGAAGG, 7
ACAT, 22
TGATT, 4
CGGAC, 2
AGAAGC, 2
TGTCA, 4
TGGCCT, 2
TGAGAC, 3
AAATTC, 2
CATCA, 9
AAACA, 7
TTTCTG, 4
GAAGACA, 3
ATCGT, 4
TCCGA, 3
CAAGG, 8
TGAGGA, 2
ATGAAAT, 2
CAGATG, 3
CAATGT, 2
AACTT, 3
CATATT, 2
AGTG, 27
CAGTCA, 2
ACAAGAA, 2
TCAGAG, 3
TCTCTG, 2
GAGCTCT, 2
TGAC, 13
AACA, 27
CGCCC, 4
GACTGT, 2
ATTCAC, 2
GCAGT, 2
GTGA, 28
CTCG, 5
CAGGTG, 4
CTCACA, 6
GGTCCT, 3
AAGGCCA, 2
CTTCTG, 4
TGGTCC, 3
CCCAG, 10
CTTGGA, 3
GTTTC, 4
TTCTCCTC, 3
GTGAAAT, 2
TGTGAG, 4
CTCAA, 9
GCAGG, 7
GCAAAA, 2
CGTAC, 2
CAAGTC, 3
CACG, 12
GGCCTTC, 2
ACACT, 9
CACAGTCA, 2
CATCCA, 2
ATGTG, 8
CTTCAT, 4
AACTCC, 2
GGGAAG, 4
GCTGT, 9
TGGGGA, 3
GATGAG, 2
AATGCTTG, 2
TTCTCC, 6
CCTGT, 9
TTCCA, 11
CCTCA, 11
GGAAGCC, 2
CTGCAA, 3
CTTTCT, 2
CAAGA, 8
TACAAG, 3
GACAGA, 3
GGTG, 19
ATTTT, 3
GGTGGTA, 2
TTCTTT, 3
ATTATCT, 2
CCTCCA, 4
GTGTT, 2
CTGTTC, 2
CCGTG, 2
CTTACTC, 2
GTCTGT, 2
AGAGCT, 3
CGTGC, 2
TACAAT, 3
AAAGAC, 2
ATGGAC, 2
GGAGTA, 4
AGGGAG, 4
GAGG, 25
TGGATT, 3
TGAAGCA, 3
AGGTC, 3
TTTCCA, 3
AAACTC, 3
GGGAT, 2
TTCTA, 2
GCCTTC, 6
CCGCA, 2
TGGGC, 4
TCACA, 14
TTTCG, 2
GTCCCAG, 2
CATGG, 9
CACACT, 5
GGTTCT, 3
CTAC, 16
AAGG, 35
CTGAAT, 3
TTAAAG, 2
GCAAG, 3
TTGTCCA, 3
TTTGC, 8
ACTT, 11
CCAACA, 4
CATTT, 6
CCCCTGAA, 2
AGGTT, 2
TTGGGGA, 2
CCAAA, 13
AGTGG, 10
GACAT, 9
CATGGG, 2
AAGGCT, 2
CATGAAG, 2
CGT, 17
GGGAGC, 3
ACAG, 37
ATAGTGA, 2
AGGTCT, 3
TCGC, 6
TCTCCCA, 2
ACACA, 8
AGCCC, 7
TTTTCCA, 2
TGTAG, 2
AGGTGC, 2
CAAATC, 3
ATGTA, 5
ATCAC, 8
TAAT, 7
ATGGCTG, 2
GAGAT, 5
ATA, 35
AGGTAA, 2
CAT, 74
TGAGCC, 2
ACGG, 10
GGAAAT, 4
AAGGGC, 2
AGAAAA, 2
CGGAGA, 2
ATGAAT, 2
AAGAT, 8
GTGAAGA, 3
GAGGC, 8
AGAATG, 2
AGTAA, 5
CGCCT, 8
AGAGCC, 2
CCTATAC, 2
TTTGA, 3
GCAACA, 2
CTCAGTC, 2
ATAAA, 3
TTGTT, 3
CAA, 101
TGATG, 7
TAAGAA, 2
GAAGTA, 2
TGGTA, 4
TTGCA, 3
AAGCCT, 3
TGTTT, 3
CCATGC, 3
TCAGGTG, 2
TCAGA, 9
GTTTG, 2
GGAAA, 9
GGGAAA, 2
GGACCTGA, 2
CTCTC, 8
TCACACT, 4
GTCAAT, 2
AGTGCT, 2
AGAGTT, 2
CCAC, 20
CTATG, 7
ACAGTG, 6
ACACAT, 2
GACCAG, 2
AGCCCAT, 2
ACATTA, 2
TCTCCT, 4
AATTTC, 2
GTGGC, 5
CTGTGAG, 3
TGCG, 3
TATCA, 5
TTC, 81
AGAGG, 9
CCAGT, 8
AGTTT, 4
AGAGT, 3
GGAAAG, 2
TGGCA, 5
ATGGC, 10
CACAA, 7
GGTCAA, 2
CTG, 126
ACAGAC, 2
CACTGC, 5
GCACA, 6
ACAATG, 6
TACTCC, 3
GGT, 53
ACTG, 29
TCGCA, 2
GTTCT, 10
CATGGC, 3
GCCT, 33
AAGGTG, 3
TCAG, 28
TGGACA, 3
CCTTCTG, 3
CCTATG, 3
AGGGG, 3
CGCTT, 2
GGTCTT, 2
TTTTGC, 3
GTGTCC, 2
GAGCC, 8
TCAT, 16
GTC, 72
GGATC, 4
ACAGGG, 2
GCTTAT, 2
CAGGAA, 2
AGGAT, 4
CCCAAA, 6
GAAGGG, 3
CACCTT, 2
AGTAT, 5
GCTCA, 5
AGGAGC, 2
CACTGG, 2
GAAGCCTG, 2
TCCTTCT, 3
TCAGACA, 3
GTTGA, 5
CATTTG, 2
CACACG, 2
GATGA, 8
AGATT, 3
GATT, 12
GCAA, 18
TCTGAAG, 3
TGTTCTCC, 2
ATTTC, 2
CCCAAAG, 4
ATGAGT, 3
AGTCC, 7
GGGAA, 7
TCTTGG, 2
TCACCG, 2
CAGGGA, 2
CCTGAC, 2
CAGGC, 3
GGGCA, 5
GTAATG, 2
CAAAT, 8
GACAA, 6
CAAGTA, 3
TCTCAG, 2
GAGGCA, 5
CTTTG, 10
AAGAAC, 3
GCTAC, 4
ACTGC, 10
TTTCACC, 2
ACGAG, 2
AGAAC, 3
AGGG, 17
TTCACAC, 2
TTTGT, 7
TCCTAC, 2
TGA, 105
CAGTCTG, 2
GTGGAG, 6
GGGTA, 2
ACC, 70
AAGCG, 3
TTCATC, 4
CTTGGT, 2
ATTTA, 2
ACTTTC, 2
CACCG, 2
AAGGA, 16
AGGTG, 9
TTCTGG, 3
TACCT, 6
AGTGA, 10
TTCCCTG, 2
CATCC, 5
GGTTA, 2
TCCAAT, 2
GGTAA, 3
AGTA, 18
GAGGT, 5
TGTCAG, 3
TCTGT, 9
TTCATCC, 2
CAAAG, 11
GGCTCC, 3
CATCG, 4
GTGGG, 2
AAGCCTG, 2
TCCAT, 5
GAAATCA, 2
CTACAAAC, 2
CTACC, 8
AAGATTC, 2
GACACAGT, 2
ATTATC, 3
CTTCCCA, 2
AGAG, 24
CCACAG, 4
CACCAG, 2
TCAA, 19
ATCTCA, 3
CATA, 10
CACCAT, 3
CCTGGG, 2
ACAAGGTG, 2
GTT, 42
CAGTCT, 4
GCATTT, 2
GAAGGAC, 3
GGAGCC, 2
TTTA, 8
CTATCA, 2
CCTTCT, 7
GGCT, 21
TGTG, 31
TCACCC, 2
TTGCTC, 3
GAAAA, 8
AACTG, 3
TTAAA, 2
TCCACT, 2
ATATG, 8
GGTGGC, 2
CATTC, 3
CTGACCT, 2
GATTC, 6
CAAG, 31
CCATGT, 4
ACACTG, 5
TGGCC, 5
GCTTT, 4
TTGCAG, 2
GGCGG, 3
AATCT, 2
CAGGT, 7
TTTTA, 3
TTTAA, 2
GGCG, 6
AGCC, 26
CAAGTAA, 2
CAGG, 28
TCCTCCA, 2
GGCCATT, 2
AAGC, 20
CTGTG, 14
GACT, 15
CAGCA, 12
CTGGGA, 3
CATCAC, 3
TTCTGAAG, 2
TCTTG, 4
CCAAAGT, 2
TTAAG, 2
TGGA, 35
GGGCCTT, 2
GTAACC, 2
TTTC, 15
GAGC, 26
AGACA, 15
TGCTCC, 5
AACCAGG, 3
ATCA, 22
GGCACC, 2
TACGA, 3
CTACAA, 3
CCTCACAC, 2
CGGATG, 2
CTCGG, 3
AAAG, 27
CTCCC, 7
GACCAC, 3
GTCTC, 8
CAGAAG, 5
CTAT, 17
GACAGT, 4
GCTG, 24
ACATC, 6
ACCAA, 8
CAATGGC, 2
GCCATGC, 2
CGAG, 7
AGAA, 32
ATGTT, 4
TCTTCTC, 2
TAAAG, 4
TGTGT, 8
CATGGAC, 2
GGCA, 21
AATGAA, 5
CAAAGG, 2
ATGAAAA, 2
CAACATGG, 2
TTGTC, 7
TAAAC, 5
GCTTCCT, 2
AATAC, 3
GCAG, 27
CTGGAAG, 3
TTCTG, 13
TCAAGC, 2
CAGC, 32
TGTAGG, 2
GTGT, 16
GTGGAGAG, 2
GTGAAA, 6
GGAGGC, 2
CTCA, 33
GGATTTG, 2
TCCC, 25
AAGAG, 9
AGAGC, 7
TGCC, 21
GCCTT, 8
ACCG, 6
TTTTTC, 2
AGTCTC, 3
TGAAG, 22
GCTGC, 4
ATAC, 9
GTCTGG, 2
GTGGA, 15
CACGG, 7
ACTGCAT, 2
CTTCTCC, 2
TATCAG, 2
AGGTGGT, 2
CAAAGT, 3
AGCTG, 6
GAGA, 20
GAAG, 56
GCCTC, 10
ACCAAAG, 2
TGGT, 22
AGTGC, 4
CCTCAGTC, 2
AGGAAC, 3
TTCCT, 6
TTAG, 5
TGACG, 2
GGTTG, 2
GAGTTT, 2
GGTCT, 5
CCAGAAAA, 2
TGTTG, 5
ACATA, 3
CAGTG, 13
CTTCCCAA, 2
CAAATA, 2
CAGAAAAG, 2
TTGGGA, 2
CTGT, 34
CCAGAC, 2
ATAATG, 2
ACTC, 16
GTACAA, 4
TGCTGG, 3
TCCACA, 3
GAAGAA, 7
GAGCA, 5
AAGA, 40
AGTGGG, 2
CTAA, 5
ATGAAGC, 3
CCTGC, 5
CCAGACA, 2
CCTGG, 9
TCTGG, 9
GACG, 5
GTCCT, 6
AGGATC, 2
GCAAT, 3
GTGACT, 3
GTG, 87
GAGGCAC, 3
CAGGAGC, 2
CGTGCT, 2
AGCCG, 2
AGAGGAA, 3
TCTGGG, 2
TGAAAA, 5
TCACTG, 6
AATACA, 3
CACCCTG, 2
GCTGTCC, 2
GAAATC, 3
TAAA, 10
GTATC, 4
ATTTG, 5
CCTT, 25
TTA, 35
CCTTGA, 3
AAC, 64
GTAA, 11
AAGTCAT, 2
TATCAA, 2
TGAT, 14
CTGTGGA, 2
TTCTT, 6
CCTGAA, 7
AGGT, 18
ACAGT, 15
ACCCAAA, 2
CATG, 22
CTGCCAC, 2
ACAATGCC, 2
GGTCAAT, 2
CCTCCAG, 2
AGCAA, 7
GAGGAAG, 3
CTA, 44
AAGGAA, 6
TGAGCAT, 2
TTACG, 2
TAGT, 5
AACCT, 3
TAGGGT, 2
ATCAGA, 3
CTGAAGG, 2
TCGTG, 2
ATACCAA, 2
TCCCAAA, 3
GCCTCA, 6
GGACA, 12
GTAACA, 2
GAGT, 17
AAATT, 4
CTGCCA, 3
ATC, 59
TCA, 97
ATT, 50
TGTGAGC, 3
GCGGA, 2
TCCAAG, 5
CCCA, 28
CCTGCT, 3
CACGGA, 3
TTGA, 16
AAG, 123
TGACTG, 3
AGCTCC, 2
CAC, 90
TGGAAT, 2
TCACC, 7
CCA, 116
CAG, 131
GTATA, 3
TTGTA, 3
GAGGA, 10
ACGC, 4
CCTG, 35
TCTC, 30
GCGCCT, 2
ACTCTG, 3
AGAAGGG, 2
ACCACA, 2
TTCAG, 6
TGGAA, 10
AGTATGA, 2
CGAGCC, 2
AAACT, 10
ATAG, 2
CGCT, 5
TCTGTC, 4
ATAGTG, 2
ACCA, 32
ATGGTT, 2
GATA, 5
TAGG, 8
ATGG, 27
ACTGTGAG, 2
GGGCTG, 2
GCTCT, 6
AACCG, 2
TTTG, 22
TCATCC, 2
AAAGGAC, 2
ATTCC, 4
GGA, 104
GTTA, 8
CCGC, 6
AACT, 15
CCAGGA, 4
CCACG, 3
AAGCT, 3
TCAGGA, 2
GATG, 21
CACACTGA, 2
TCTCCTC, 3
TGCA, 18
TGAACC, 2
CCTTTG, 3
CAGCAGC, 2
ACGT, 4
ATTT, 13
TCACT, 8
AGCTC, 7
GGCAGT, 2
TTCA, 22
AAGCAG, 2
AACG, 2
GACATG, 4
TGACTGT, 2
CTATT, 2
GACAG, 11
ACGA, 6
ACACAGT, 2
GCCCA, 8
CAGA, 35
GGAAC, 3
CAAGGTGG, 2
CCCTCC, 2
AAT, 69
GAAAAC, 2
CAGAA, 11
GTTC, 13
GTACA, 7
ACCTGAA, 3
TACAAA, 3
CCTTCA, 3
GCAGCAG, 2
TGT, 91
GCCCTT, 3
ACGGAT, 2
GCTCACA, 2
TCAGT, 8
CAGTAT, 2
TTAGG, 4
CCATC, 6
CATGAA, 4
TCTCA, 10
AAATC, 6
TGCAA, 6
AAGAATT, 2
CCCCT, 5
GCGC, 5
GGAATT, 3
CATTG, 5
TGTGGC, 2
ATACAG, 2
ATCG, 8
AGAC, 25
GGG, 51
CTTT, 21
TCCTA, 7
GCG, 16
AGGACT, 2
CAATGA, 2
GACAAC, 2
CCAGCT, 3
CTGTTT, 3
GCTGA, 6
ACCAGGG, 2
AACAGT, 5
TCG, 18
AGTGT, 3
TCTTC, 10
GCGCCCT, 2
TCCAC, 8
GTCCC, 7
TATGAAA, 2
CTTCTT, 3
GTAC, 13
CAAATG, 2
ATTC, 15
AGGAC, 12
GGCAA, 3
GGGGAA, 2
TGC, 71
TTCTC, 8
CAAT, 18
GGAGCT, 2
AAGTCT, 4
CTATC, 4
GCTC, 24
CCTCTCT, 2
AATAAA, 2
AACCAT, 3
GCTCAC, 2
TCAGTT, 3
GAAAT, 11
GAAGC, 11
ATGGGAAG, 2
GAGATC, 2
CAGACAT, 2
AGTACAA, 3
TTT, 62
AATG, 34
GATCGT, 2
CTTCAC, 4
GGGACC, 2
ATCTC, 4
TGCTCA, 3
TAT, 51
AGGAAAT, 3
CATAT, 5
CTCATGAA, 2
TGTA, 10
ATCAGAG, 2
AACCC, 5
AGGCA, 10
CCCTC, 7
CATCT, 6
CTGAAAC, 2
AAGGTCT, 2
GTAAG, 2
TTCC, 25
TTATC, 5
GACGC, 2
GACA, 31
ATGTC, 5
TCTTCAC, 2
GAAGACT, 2
CAGCT, 8
GCC, 73
GTACAAT, 2
AGATGA, 2
CTTTGC, 3
ATCTGA, 2
CTTGGAA, 2
TGAGGT, 4
CTGAGC, 3
CAGT, 33
TCTCCA, 3
ACCAGA, 3
ATCAA, 5
AAGACTT, 2
AACCAG, 3
AATGAAAC, 2
AGCG, 7
AATGA, 11
GTCCAC, 2
GTGTCA, 3
TGAGT, 4
CCCAA, 13
GAAGGGC, 2
TAAGT, 2
TGAAAG, 5
TGATGG, 2
CTCCAG, 5
AACAG, 7
TTCTCCC, 2
TCAGGT, 2
GTAT, 9
TGAAGC, 5
GAGTAG, 2
TTCAGT, 2
TCT, 100
ACTGGA, 2
CATT, 18
TCCTC, 9
GTGGCCT, 2
AGA, 3
GTAGGG, 2
GATC, 9
GTTT, 11
GCTGTGGA, 2
CTATGAT, 2
GGCC, 13
GGATG, 4
AGTCCC, 2
AAGCC, 7
TGATTC, 2
GGACAGA, 2
ATACCAAA, 2
AACAT, 5
GCAGA, 9
CTGAG, 11
AAGAA, 13
TGGAGG, 2
ACATG, 6
AACTAC, 2
TGCCA, 6
AGGCC, 4
TCGCC, 2
AGGTA, 3
CCCT, 31
CTCATC, 2
ACCAC, 5
GGGCG, 2
CTGCCC, 2
GTGATT, 2
AAAGTC, 5
GTCTGGT, 2
CTGTT, 9
TCACAG, 4
AGTATG, 2
CTTCCAG, 4
CCGAG, 3
GCT, 77
TTGGGG, 2
CAAGGCC, 2
GTACAG, 3
TGTGG, 6
GGTTTCT, 2
GATGG, 5
TAATG, 6
GAAT, 19
CTGTGTC, 3
TCCG, 8
TTCGT, 2
CAGTGAA, 3
GAGCTC, 4
CTGTGT, 4
CCACT, 3
TTTGAA, 2
AAGGAC, 5
TCC, 98
CCGA, 5
AGCCCTTC, 2
CCACGGT, 2
AGC, 79
GTGG, 30
TTCTTTG, 2
AAGGG, 5
CGAC, 2
TAAG, 6
CAGGGG, 2
TCTA, 11
GGGAC, 4
ATGAAG, 5
TCCAAAT, 2
ACAGTC, 6
TGACT, 4
GCGCCCTC, 2
AAGA, 2
CCCTGC, 2
CAGAT, 4
GGAGC, 7
CAGCAG, 5
CGTGCTG, 2
CAGCAA, 4
TGGAT, 6
ATCACC, 3
GCTTCT, 2
GAGCCC, 2
GATTG, 2
ATG, 96
AAT, 2
GAAGAG, 3
GTGCTT, 2
AATTC, 3
GTTG, 10
TACAA, 10
GGCACAT, 2
TCACTGT, 2
CCTCC, 7
ATACA, 5
CCTGTG, 2
AGTCTGT, 2
GAAATG, 4
CAAGAAG, 2
GGAAGA, 4
TTGT, 18
TGTTC, 7
GAAGTAC, 2
AAAACC, 2
CCTCACT, 3
GTCCTC, 3
TGGAGAG, 2
ATGAA, 16
AGGCG, 2
AAGAGA, 2
GCCACG, 2
TGGCTG, 4
ACTCA, 7
ATCC, 10
TAACA, 3
GTTCTC, 4
TCCAG, 15
ACATGG, 4
CAGTGGG, 2
GCA, 71
CTTTGTC, 3
AAA, 89
GGACAG, 4
GTCAG, 8
CTCCTCC, 2
CGGAG, 3
GTAG, 8
TGAAAT, 5
CTTCCA, 6
ACTGT, 7
AGAAGA, 6
TGTGTCC, 2
AATATGG, 2
GGGGA, 6
TCTTCA, 5
TCCCCT, 3
CAAGGTG, 2
GAAGA, 21
GCATT, 4
GCCAA, 3
CTACA, 5
GCTTC, 10
ACTCC, 5
GCTCCTT, 2
GTGGAAG, 2
AGTTG, 2
CCAAG, 12
CAGTGG, 6
CTTG, 17
CAAGT, 9
AAGTC, 10
CTCCAC, 3
AAACC, 5
TGGTT, 5
GGCCA, 6
TATGT, 3
ACTGGGA, 2
ATTG, 10
GTCTTCA, 2
TGCTT, 9
AAGTGC, 2
TTGGT, 4
TGTCCC, 4
GTGGTG, 5
TCCCCTC, 2
TCCTG, 4
AGCCCT, 3
CCTAA, 3
CTGCC, 11
CGGATGA, 2
GAAAAGG, 3
CAGAGC, 4
AAGTG, 9
CAGAC, 9
CCTTCTT, 3
ACAGAA, 3
TGTTAC, 2
GTAGAA, 2
GCATG, 4
CTCTG, 11
CTGGA, 10
AAAGTCT, 3
GTCTCTGG, 2
AGACC, 3
TTCTCCT, 3
GAACAC, 2
GAGAAGG, 4
ATCT, 19
CTCAG, 7
CTCAT, 6
CCCTG, 14
AAGCA, 7
CCAA, 34
CTGTC, 9
TGCAT, 5
ACCGC, 2
GCCCAG, 2
ATGAAAC, 2
ACAAAC, 3
CAACATG, 2
TCTGGA, 2
TGCTC, 9
CACTG, 15
TTTCA, 4
CAACA, 13
TATGGG, 2
GAT, 2
ACTGA, 6
ACTGCA, 3
GCATCA, 2
TGGCT, 10
AAGAAGC, 2
GGTAG, 2
AATGCT, 4
GTCTG, 6
TACA, 20
GGTCC, 4
GAATT, 6
CTCCTTCT, 2
TAACAGT, 2
TTCCCC, 2
ACTGAG, 5
TGGTC, 6
AATT, 13
GAAGG, 17
ATCCA, 4
CTTCACAC, 2
AGAAAT, 2
GGAGG, 6
AATGAAG, 2
CTCT, 26
CAACACC, 2
TTGTG, 5
CCTCTT, 3
TAC, 54
TGTCC, 14
ATCCCTG, 2
ACTTT, 5
TACAGT, 2
ACGTG, 3
GAGCT, 10
GAAGT, 6
ACCTG, 8
GCAC, 12
TGACC, 4
CTGAA, 15
TCTTCC, 3
CAAAC, 8
GTGAAGAT, 2
CCTAC, 5
CTTCTAT, 2
CTTTC, 5
CTTCCC, 4
GACTG, 8
TCGT, 6
CCAATG, 3
ACATTC, 2
TGGAG, 12
GTCA, 19
GGAAT, 4
TCAGG, 5
AAAGT, 9
CGGT, 5
GCAT, 13
GGTC, 13
AGCAAA, 3
CCCC, 10
CTGTTTT, 2
GGTGGA, 4
AGTGGA, 6
ACAC, 26
GTTCC, 3
CAGGG, 8
AGAGA, 4
AATCAG, 2
CTGAAGAA, 2
TTCG, 4
AGGAG, 8
TGAGCA, 2
CCCAGC, 2
CCAGAT, 3
CGC, 22
CCAGATG, 2
GACCT, 5
TATGCT, 2
AGAAT, 7
TGACCT, 2
AGT, 83
AAGGAAA, 3
CTC, 3
TACCAG, 4
TCAGAC, 3
GGCAGA, 3
CAACAT, 4
AGTT, 11
CACTGT, 3
AAACTT, 3
TGAG, 25
TATTC, 3
AAAGGG, 2
GCTTG, 4
TCTTTG, 4
ATCTCAA, 2
TGGTTC, 2
TCTT, 22
TCCCAA, 4
GTGAAG, 6
AGTCTT, 2
GTCTTC, 3
TTACCT, 2
CTGGGC, 2
ATGAGG, 2
CTTCTC, 2
TCAGAGC, 2
GCAGAAT, 3
GGTGGT, 5
ACTGAGA, 2
CCCCTG, 2
ACAAA, 7
AATGTT, 2
GTTCCT, 2
TTCCCAA, 2
AGTGAAAT, 2
GTCCAA, 3
CAGCCT, 3
AGACAA, 2
TTCTGCA, 3
AAGTGA, 3
CTTTGTCC, 3
CTCATGA, 2
GAAAGG, 2
AAAGGA, 5
AGCCTCAC, 2
TGGAGTC, 3
TTCTAT, 2
CCAAATA, 2
TTCCAC, 2
AGTTGA, 2
ACATTCA, 2
CACGCC, 2
CCCAAG, 6
AGCAGG, 3
CTCTTC, 2
ACAGCT, 3
CCCTTC, 4
TGTCTCA, 2
GAATTT, 3
ACGCC, 3
ATCACCA, 2
AGACCAC, 2
TTAAGA, 2
ACCCCA, 2
ATAAAG, 2
CTCTCA, 2
ATGGA, 7
TCCCA, 9
TCCATG, 2
AGCAT, 3
CTCCAT, 2
GCCTGGA, 2
AGAGCA, 2
CCAGGC, 2
CAGTGA, 4
GATGGT, 2
TGGTTA, 2
ATGGAT, 3
ACAGCC, 2
GCTGTGT, 2
TCTCAC, 2
AGGACA, 7
GTCCAG, 3
AGTGGTG, 2
GCATGG, 2
AGACAG, 5
TCTCTGG, 2
TTCCCA, 2
AGCATG, 2
ATATGGT, 2
GGAAGAC, 2
CTGAATG, 3
ACCAGG, 5
TCTTCATC, 2
CCGT, 4
AGGGCA, 2
GGGCAG, 3
TGTAC, 3
CAGTGT, 2
CTGGAGTC, 2
GTAAC, 4
CCCTCA, 2
GAAATT, 2
TTTGTCC, 3
AACATG, 2
ATTGC, 3
ACCATGT, 2
CAGCAC, 2
AACCGC, 2
CGGTT, 3
TGTTGT, 2
GGACCA, 5
GCTT, 22
GTCTCC, 2
GCCTG, 9
CCATGG, 2
TCACAGC, 2
CAGTTA, 2
CAAGGCCA, 2
CTTTCA, 2
GGCTTC, 2
CTTCC, 14
TCCTTC, 4
GAAGAT, 3
TTCCTC, 2
AAGCAC, 2
GGATGA, 3
GCAAACT, 2
CATCCAA, 2
GATGAA, 5
ATGAAA, 7
AAGTGCT, 2
CCAAT, 3
TGTGAAG, 4
CATCCT, 2
AGG, 96
GGAGGA, 3
AGCCA, 6
TCCTCTT, 2
GTGGT, 8
GACAGC, 2
TGCCT, 9
TACAAGG, 2
TTCTGA, 4
GATTCC, 2
ATTCCA, 2
AGTATA, 2
AATGT, 8
TATACA, 2
TTGTCC, 5
ATTCAG, 2
GATAT, 2
TTCAGG, 2
CTGCG, 2
ATTGTC, 2
AAATCA, 4
GACATGG, 2
ATACT, 2
ATCGCA, 2
CAGTGGT, 2
CATCGC, 2
TGTCTC, 3
GCTCCACA, 2
GCACAA, 2
AATGGC, 3
ACCT, 18
GTAGG, 4
GTGGTA, 3
TGGCAG, 4
GGGT, 7
TGTAA, 2
GTTCTTC, 3
TTCCAG, 6
AGGGT, 3
ATGTGTC, 2
CTGAGA, 3
TTGAA, 8
GCTCTC, 2
CCTCAA, 2
CAAGCA, 2
AAGCAA, 3
CGGATGAG, 2
GCAATT, 2
CGCA, 5
CCTCG, 2
CCTCTC, 5
TTTGCT, 3
GGAGA, 9
ATCACAA, 2
GTATGAA, 2
ACAGAAGA, 2
TGGTGG, 5
CCTACA, 3
CTTGA, 7
GATAA, 3
GGTAC, 3
ATAGT, 2
CAAGGT, 3
AGGTGG, 5
TGAATGA, 3
TTCAC, 9
ATCAGG, 2
CTGTTCT, 2
GTTCTT, 3
GAAGGA, 10
GAATGAG, 2
TCAAT, 4
CCCTTT, 2
AGTGAA, 5
TATC, 14
ATCTAT, 2
GGTGGAA, 2
ACTAT, 3
AGTTTG, 2
GTCTCTG, 2
TTGAAG, 2
CTGCAT, 2
AAGTAC, 4
CTTTTG, 2
CCTCAG, 3
AAATGAAA, 2
TGATAA, 2
CCTTCTTT, 3
CACAGG, 3
GAGGAA, 5
GAAGTC, 2
AATCAC, 3
AGGCATT, 2
ACCATC, 3
CCGGG, 2
TCTGCA, 3
CCATCT, 2
ATCTTG, 2
GATCG, 2
TTGGAA, 2
AGAGAT, 3
CAAC, 21
GAGATG, 2
ATGTTG, 2
AATGAGG, 2
TGTATC, 2
AAAATG, 2
AACTACC, 2
CCTTT, 4
TGCTACC, 2
AGTGTG, 2
TCTGTCC, 2
CGCC, 12
CAAATCA, 2
CATTGC, 2
TATGAAAT, 2
CCCAGA, 3
AGATG, 9
CTATAC, 2
GGTGC, 3
CAGGACAA, 2
GCTGAAGA, 2
CAGCTTCC, 2
CTGTGG, 3
TGGGAA, 4
GGAAGC, 3
TCTCAT, 3
AGCCTG, 3
GCCTGT, 3
CCTGTC, 2
GTCCCT, 2
CCCTGG, 3
GCAGAG, 2
TTTTG, 5
GAGGTG, 2
TTTTGCC, 3
ACAGG, 6
TTCAGGA, 2
CTTCCT, 3
GAAAGTG, 2
CTGTGA, 6
GAAACA, 3
ACAGTCT, 2
TCAGTG, 3
TGGGA, 8
CATCTT, 2
CTGCTC, 3
CTGGAG, 4
ACTGTGA, 2
TAGTGA, 2
GATCC, 2
AGTAACA, 2
AGAAGAA, 4
TCATGAA, 2
GACTGC, 3
ACTGCC, 3
TGAATG, 5
TTAA, 6
CCACGG, 3
AAGTACA, 2
CAGGCT, 2
GATGC, 3
ATCACA, 4
AAGGAAC, 2
CAGACAG, 3
TCTGAA, 5
AGTGAAA, 5
CAAA, 31
GTCCCA, 3
GTGGAC, 4
AACTA, 3
CTAAAC, 2
CTCCCT, 3
TGTCCA, 7
ACCCAAG, 3
CCCTTCTT, 2
CAGCCA, 5
CATGGAT, 2
ATGT, 22
TTGTCCG, 2
GGCTGC, 2
CTCCT, 13
GCTGCT, 2
CATGTG, 2
TCAGCA, 3
ATTAGG, 2
ACTGTGT, 2
ATCCAA, 3
TGAAA, 19
TCACAC, 6
TGAGA, 5
CCAAGG, 3
AAGGTC, 2
CCAAGA, 2
GCAAC, 4
CTCTT, 5
AAGTGAC, 2
CACAAG, 3
TACTC, 6
TGTGA, 13
AATCA, 6
TGATGT, 2
GCGCC, 4
ACATGGG, 2
GCCCACA, 2
TTTCAC, 3
ACCCAA, 5
GTGAA, 13
TCCAGCT, 2
TGCTGA, 2
TCATCAG, 2
GTTGAA, 3
CGCCTT, 2
CTTCTTT, 3
CCA, 2
ATTTTT, 2
GCC, 2
TGCTG, 9
CAAACTC, 2
TGGAAA, 2
AATAT, 4
CCTC, 32
GTGGACA, 2
GGACTG, 3
ATGGCAG, 3
TCATCCA, 2
ATCCAAG, 2
TCCAAGT, 3
GGTGGTGG, 2
CTTC, 38
TGGTTCT, 2
TAGAAG, 2
CACACTG, 3
TGGTCCT, 2
CAACC, 5
CTGAT, 2
CATC, 24
TCTGGT, 4
TTTGTG, 2
TGAAACT, 2
CCCG, 2
CAG, 2
GGGAAGA, 2
GCACAT, 2
CCCAT, 2
AGTTA, 2
TTACT, 6
AGCCT, 10
TAAACA, 2
GTGGCC, 3
TTCTGGT, 2
TCTGGTC, 3
CTCCTCCA, 2
ACTCCA, 3
TATGG, 8
CCCTGCT, 2
CTCCACA, 2
ACACTGA, 3
CACTGAG, 4
AAGGCA, 4
ATGTAT, 2
AATCACA, 2
CTACAAA, 2
AATTG, 3
GACATCCT, 2
CATATGG, 2
GTCTCT, 2
CCATG, 9
GCTGTC, 2
GAGGCC, 2
CGCCTTC, 2
CGA, 17
GACCA, 8
TACAATA, 2
ATGGCTC, 2
GTGACTG, 2
ATGAG, 7
GTTTT, 4
TCCAA, 10
TGCCC, 6
TCCGT, 2
ACAGGAG, 2
TGCTA, 2
GGAG, 30
ACCTGAAG, 2
GAGCCTC, 2
AGCCTCT, 2
CCCACA, 2
GAAGCCT, 2
TTCACTG, 2
CCATTG, 2
AGGACAAT, 2
GCTCCAC, 2
CTCACTG, 3
GTCAGC, 2
TCCAGA, 4
TTAT, 8
AGACAGT, 3
AAGTA, 7
ATGTAC, 2
AATGAAA, 3
AAGTACAA, 2
CTTTGT, 4
GCAGGT, 4
CAAAGTC, 3
GATGCT, 2
CTGAGCT, 3
CAGAAGAA, 2
ATGAGGA, 2
TGTACAG, 2
GTGAT, 4
GAAGCC, 4
CATCACA, 2
TGTTCTT, 2
TATGTAC, 2
TTGC, 13
CCAAGTG, 2
CAATGCC, 2
GTGAAAG, 3
TGGTCT, 2
AATC, 10
AAAC, 24
ACAACA, 3
AATGAC, 2
CCG, 18
AGTCAG, 4
TTAAGAA, 2
ATGCT, 9
GGTCCTC, 2
GTCCG, 3
AAGGTGG, 2
CCACA, 8
GCCACGG, 2
CTCTGT, 4
AGGTGGA, 3
GCTCTG, 4
AGCAAG, 2
CACAGTG, 2
TTGAG, 2
TTCACT, 2
AACCAGGG, 2
GCTCCTAC, 2
ATACC, 2
CGGA, 8
GCCACGGT, 2
GGCTC, 6
TAATGT, 2
GAAGCA, 4
CCCTCT, 3
GAAGTG, 2
AATACAG, 2
AGTCT, 10
TTTCCAG, 2
AGTGGT, 2
TCTGA, 7
CCAGGGC, 4
AATTT, 5
AGGAAA, 5
TCCAGC, 4
TGGC, 22
ACCCTGT, 2
TATCTC, 3
ATGGT, 4
TGGAAG, 6
TGAGAA, 2
CTTTCAC, 2
TCTATCA, 2
CCCTGAA, 3
ATGAGTT, 2
TACAG, 6
GTATCA, 2
GGTTCTG, 2
TAA, 30
CAAACT, 5
TTGTTCTT, 2
GGGCCT, 2
GCCTCAA, 2
TGAGG, 7
ACAGTT, 2
CACAATG, 2
AATGGCA, 2
ATTCTG, 2
TCAAC, 5
CTCTGG, 3
CTGTCCC, 3
GTCATA, 2
GGCTG, 8
GGAC, 27
ATGCA, 3
AGTCAGC, 2
CCCTTCT, 3
GAAGA, 2
TTCCCCT, 2
CCTCTCA, 2
CATCAGA, 2
AAACCA, 2
AGCCCTT, 2
GCCCTTC, 3
GGCTCCT, 2
GCTCCTA, 3
CTCCTAC, 2
AAAGGGA, 2
ACT, 65
AGAAAAG, 2
GGAT, 14
TCTTCAT, 2
GAAAG, 8
GGTGGTG, 3
ATCAGGT, 2
CAGGTGG, 2
GTCTT, 5
GTAAT, 2
TGGAAGG, 3
TCTCCCAG, 2
CAATT, 3
CTTCCAGC, 2
CCTCT, 11
CCTCAGT, 2
CAATGC, 4
TTGTTCT, 3
CCTGGAG, 2
GAGGAC, 3
AAGGGA, 2
GGGTAC, 2
ACAGTCC, 2
TCTTTGT, 2
TTGTTC, 3
CTGCTCA, 2
CAACTC, 3
CACGAAG, 2
GCCTTCC, 2
TGAAGCC, 2
ATGAAGCA, 2
AACAA, 6
AGGGC, 6
TGCTGAG, 2
AAAAC, 4
CTCAAG, 4
CCAGAAA, 2
CAGAAAA, 2
AGGACCT, 2
CTGGCTT, 2
TGGCTTC, 2
CTTCCCT, 2
TGTCT, 7
TTCATCCA, 2
TCACTGC, 2
ACCAGGA, 3
CCAGGAC, 4
CAGGACA, 3
ACA, 115
AGGACAA, 3
GGACAAT, 2
TGAAGAC, 3
CACTCA, 2
CTGCATC, 2
ACAGC, 10
AAGAGGAA, 2
TGGAGT, 3
AGAGGAAG, 2
GAGGAAGG, 2
AGTATGAA, 2
GTATGAAA, 2
TCACACTG, 2
AAAAGGA, 3
GAAGGAAC, 2
AAGGAACA, 2
TCTAT, 7
TCTCC, 13
ACAGTGGT, 2
CAGTGGTG, 2
GTC, 2
AGTGGTGG, 2
TGGAAGGC, 2
GGAAGGCA, 2
GAAGGCAG, 2
CTCCTC, 4
CAGTCCAG, 2
TTCCAGC, 3
TCACCATC, 2
CACAAGAA, 2
AGTCTGG, 2
TATGGT, 2
TTCT, 29
GCTCCT, 7
TCTGAAGA, 3
GTGAAAGT, 2
TTTTGCCC, 2
TGAAAGTG, 2
AAGTGGAC, 2
CAGTT, 6
TAGAA, 2
CCTGGA, 4
CCCCTC, 2
TGTT, 19
TACC, 16
CTTCTTTG, 2
GCCTAT, 3
TTCACC, 3
AGGAAGGA, 2
TATACCAA, 2
CACGGT, 3
AACACG, 2
GTTCTG, 3
AGACG, 2
AAAGTCAT, 2
CTATGCT, 2
TTTTT, 4
CGAA, 5
GGGC, 14
AATGG, 5
TGCTCAT, 2
TTACTCCA, 2
CGTA, 4
CATCAG, 3
CTGCCTC, 3
ACGGATGA, 2
GTCCCTG, 2
AGTAC, 5
GAAGATG, 2
GCAGCA, 4
CAAGTG, 2
TCATAT, 2
TCTCCAT, 2
ACACG, 5
CTTTTGCC, 2
TGAGC, 9
AGGCACAT, 2
GTCAT, 4
AAATGAA, 3
GCTTATCT, 2
CCTAG, 2
ACCCA, 6
ACTCAAG, 2
ACTCT, 3
GCTGAG, 3
CCAGAA, 2
GAAAC, 7
GCCC, 18
AAATGC, 3
AAGATT, 2
ACAGAAG, 3
CCACAC, 2
GCCCTTCT, 2
ATGGCTGT, 2
CAGAGA, 2
TCCTAA, 2
AAAGGGAG, 2
AAGGGAGG, 2
GTTGTC, 2
CACAAT, 2
CAATG, 11
CTCTCC, 3
ACCCT, 4
ACAATGG, 2
AAGAGGA, 2
CTGTGAAG, 2
GCCATA, 3
GAAGTCAG, 2
CCCCTGA, 2
TTGCTCCT, 2
CATCTATG, 2
TCAAGTC, 2
CTGTCCA, 3
ATCAGGTG, 2
CTTCCCTG, 2
CACATA, 2
TCCAATG, 2
GCATC, 5
AGTCA, 10
TCCCC, 4
TGCT, 29
CAGTGTG, 2
CTTTCACC, 2
GGCAG, 10
GCCTCACA, 2
CTCACACG, 2
CAGACA, 7
AATGAG, 4
CCAGC, 8
GCCA, 18
CTTCT, 11
TTACCAG, 2
ATTAT, 4
TCCAGT, 4
GGTGTC, 2
ACCAAAGC, 2
GGGAGCG, 2
GCTCC, 10
GAGTC, 6
ATCTTC, 2
GCACT, 2
CTAAC, 2
TGCCAT, 2
GTCAGT, 2
GGATT, 5
AAATCAG, 2
AGCA, 24
TAAGTG, 2
ACAAG, 9
AGAAAAGG, 2
GAAAAGGA, 3
GCAACC, 2
CTGGCTTC, 2
GCACC, 3
ATGGGA, 3
GACCTGA, 2
ACCAGGAC, 3
CCAGGACA, 3
GGACAATG, 2
TGAAGACT, 2
ACTGCATC, 2
CTA, 3
GAATC, 2
CAGTA, 4
CTATA, 4
CAACT, 3
TCAAA, 3
TTCAA, 2
CTACG, 2
TGCTACCA, 2
TAACCA, 3
TGTCCG, 2
CCTGAAT, 2
TGCAC, 2
CTGAAA, 3
TTTTCC, 3
GTACT, 3
TTAGGA, 2
TACTT, 2
TAGGA, 3
ATG, 2
GACAC, 5
GAGTG, 2
ACTTG, 3
GACAAT, 2
TACACA, 2
CGAGC, 3
ATGCC, 4
CTTGAT, 3
CACTC, 2
TCAAG, 7
TGTGC, 3
AGTCTTC, 2
AGTCACT, 2
CCGCC, 3
ATGTGA, 4
AAGAAT, 3
AGCGC, 3
ATGAAC, 2
ACAACAA, 2
ATTAG, 2
GAGCG, 3
TCCA, 38
CACTA, 2
GGCCT, 5
GACTA, 2
TATCC, 2
GCAGCC, 2
GCTACCAG, 2
TGTCTA, 2
GTCTAT, 2
ATATTA, 2
TTAATG, 2
ACAATA, 2
TACCAGA, 2
ATATAC, 2
CCAGTA, 2
TATGTA, 2
TACAGC, 3
CAGCTT, 4
CTACCT, 3
TAAAGG, 2
TGAA, 53
ACCAAC, 2
ACTCAA, 3
CTCAAA, 2
GCAGCAA, 2
GTAAAC, 2
AAATGT, 3
AATGTG, 3
ATGTGT, 2
CGG, 21
TTCAAC, 2
CAACAG, 2
GTCTAC, 2
ACGTGT, 2
TTTTTA, 2
AACAGTG, 3
AGATGT, 2
AGATCT, 2
AGGCCA, 3
CGCCTG, 2
CAGAGG, 3
GGGAG, 7
ACACGG, 2
GGAGAC, 2
ACAGGGA, 2
TACGAA, 2
AGTACT, 2
GAGACA, 3
TGGATC, 2
GATCTG, 2
GCCCT, 8
TAGGAG, 2
TCGTA, 2
CCAAGGC, 2
TCACCA, 3
TCTGCC, 5
CTGCCT, 6
TGCCTG, 4
AAGATG, 3
GGAAAC, 2
GTATCT, 2
GATTTG, 2
TCTCCG, 2
CCGAGC, 2
TGGAGC, 2
AATGCC, 3
AAAGTCA, 2
TGCCTT, 2
CACTGTG, 2
TGTGAT, 2
TGGAGA, 5
GGAGAG, 2
GATCT, 3
CAAGGC, 4
AAGGCC, 2
TACCTT, 2
TGTGCA, 2
TGCAGC, 3
CCGCCT, 3
CCCAGT, 2
AGCGCC, 2
GGGCGG, 2
AAACTG, 2
CAGTAA, 2
AACCCC, 2
AGCTA, 2
CCAAGAA, 2
GAGCGC, 2
CCCTGTG, 2
GCCAAC, 2
AGTTCC, 2
GAAAGA, 2
GACACA, 2
ACACAG, 4
GGACAA, 4
CAAGCC, 2
CCTCTG, 2
CTGTTG, 2
TCTGTT, 2
AACAAC, 3
CATTCA, 3
TGTGGA, 3
CTAAA, 2
TGCCCT, 2
GTTTTG, 2
TGGGAG, 2
CTCAACA, 2
AGGCTC, 2
GTCT, 23
AACACA, 2
CACACA, 2
GCCATGCA, 2
GAGCAG, 2
TCAC, 32
AGCAGA, 2
CAGAAT, 3
CTGGCT, 3
TACAT, 2
GAGGTA, 2
GTTAG, 2
TAAACT, 2
CTTTA, 2
TTACA, 3
TGAAGATG, 2
CACC, 19
CAGAAGA, 3
ACTCCAG, 2
ATCAAGT, 2
TGAAAAG, 2
CTTCATC, 3
AGA, 102
ACAGCTT, 2
CAGCTTC, 3
CTTCCTA, 2
AGTACA, 3
CCTTCCA, 2
TGTTA, 4
CCAGAGA, 2
AAACCCA, 2
TCCACAG, 2
ATCGC, 3
CAACAGT, 2
GGACCTG, 2
CCTGAAG, 3
TGGACC, 2
CAGGGCA, 2
GAGTCAG, 2
AGAGGCC, 2
AGGCCAT, 2
ACACGGA, 2
CCAAGC, 3
GCTCTGCC, 2
AAGTAA, 2
AAGTGGA, 3
CTCAGT, 3
TTGCCC, 2
TCCCTGA, 3
CGCCCTC, 2
AGCCTCA, 2
GAGACAT, 2
ATAAT, 3
CATGC, 3
GAAGGC, 3
AGCAGGT, 2
CTGAGGT, 3
GCTCCA, 2
TAGGAGT, 2
GAGTA, 5
CAGGA, 10
GGTTC, 3
TGGTG, 7
GTGAAGT, 2
TTCACA, 3
CTCTCCG, 2
GCTGTG, 5
CGAGCCT, 2
CAGGAG, 3
CCAGCCC, 2
GGAGT, 8
GCGAT, 2
AACC, 19
GGAGCTC, 2
ACAATGC, 3
ACTCTGT, 2
GCAGC, 8
GAACCC, 2
GGTACA, 2
CTTCTA, 2
TTTGCCC, 2
CACCCT, 2
ACATT, 7
TCCCAGT, 2
GGAGAAG, 2
AGACAT, 5
TGTTCTTC, 2
CCTGAAGG, 2
ACACTGAG, 3
AGAAA, 5
CACAC, 10
CAGAGGC, 2
CTACCA, 3
TGAGGTG, 2
CCC, 72
ACTGCTT, 2
AAGACAC, 2
GACACAG, 2
ACAGTCA, 2
AACAACA, 2
ATGA, 29
GAAGAAT, 2
CCCAC, 3
ACATCCT, 2
TAGAAGA, 2
TATA, 11
CCTA, 17
TGCAGA, 2
GACAGTC, 2
GGGCT, 4
AGTAACAG, 2
CCAGTG, 4
GCTCTGC, 2
TGGGAAG, 3
AAACACA, 2
ATGCCC, 2
GCCAG, 2
TGGCTGT, 2
CAAGCAA, 2
AGCAGAA, 2
GATGCTG, 2
AGATTC, 3
TACTCCAG, 2
TATCTCA, 2
TGCTAC, 2
GGAGAT, 2
CAAAGAT, 3
AATA, 9
GCCTTCA, 2
GCAAAG, 2
GACATCC, 2
TTTGGG, 3
GTAGAAG, 2
ACCCC, 3
AATGTC, 2
GAAATGAA, 2
GCAGAC, 2
ATAT, 16
AGGACC, 3
TTCTGCAA, 3
AGCTGTG, 2
TGAAGAA, 3
CCAT, 22
AGATGC, 2
CAGCAGGT, 2
GAGTT, 4
GTCAA, 3
TGAATGAG, 2
AGTAAC, 3
AGCTCTC, 2
AGGAAATG, 2
GCAGCT, 2
ATCACCAT, 2
CCATCA, 3
ATATGGC, 2
TGAAT, 7
TGCCTC, 3
AGCT, 22
CGTG, 8
TCCAGACA, 2
TCAGAA, 2
CTCCAGA, 3
AGTGCTT, 2
CAGAGCT, 2
GAACC, 5
TCTGCAA, 3
GTCCCAGT, 2
GCCCAC, 3
GGAGAAGG, 2
GAGAAGGA, 3
GAGACC, 2
GACTGG, 2
ATGCTTGA, 2
TCCT, 27
CAGAGGCA, 2
GTCTA, 4
TATAC, 5
CTGAGGTG, 2
AGGAA, 14
CTGAGG, 4
CTCCA, 12
GAAGGAAA, 2
TGGAC, 7
AAATGTG, 3
CACCC, 4
GAAGGACA, 2
AGACCA, 2
GAT, 49
TACAC, 2
ATTCA, 6
TGTAT, 3
GCGGC, 2
GTAGAAGA, 2
GAGCTTC, 2
GCCATT, 2
ACGGT, 3
TTTT, 16
AAGT, 27
TGAAGA, 10
CTG, 2
GATTA, 2
GATCA, 2
AGCAC, 4
TTGCC, 4
GCAGCCA, 2
TCCGC, 2
ATCCT, 2
TCACG, 3
GAGCTG, 2
ATGGTC, 2
ACATCT, 2
CACAG, 13
CTATGT, 2
ACAGCA, 4
CAAAGTCT, 2
CCAGAG, 4
ATGCTTG, 2
TAGTA, 2
CATTGG, 2
CTCAAC, 2
CTATGA, 2
ATCCCT, 2
GGAGCG, 2
TAGTG, 2
TTCTGT, 2
GGTGA, 3
CCTGGC, 2
CAGGAC, 4
AGACTT, 2
TTTGCC, 3
GAATGA, 4
AGGC, 21
CACTGA, 5
TTCTGC, 4
CAACCA, 2
GCAACCA, 2
AGCACA, 2
AAGCCC, 2
GTCACT, 3
TGTACA, 2
CCTGTT, 4
ACAAGG, 4
TGTCCCAG, 2
ACCATG, 3
AACCCAAA, 2
AGCCAT, 2
TGCTTT, 3
AACTCA, 2
ATGCTT, 3
CCACTG, 3
CTGCCTG, 3
GACATC, 2
ACATCC, 2
AGCAGC, 4
CAACAAC, 2
TCACGG, 2
TGTTCTC, 3
TCGA, 3
CTCCTTC, 3
TCATCA, 3
ATGCTC, 2
TGGGGC, 2
TCCAAA, 2
ACATTT, 2
CCTATA, 3
GGAAG, 16
ACCGT, 2
AACCA, 9
TTGCTG, 2
TCAGCAG, 2
ACAGCTTC, 2
TTCCAA, 2
GGTCTC, 2
CAAAGA, 3
TATG, 19
CTTTGCT, 3
CCACC, 5
AGAGATC, 2
TCAGTC, 2
GGAAGACA, 2
TCCCAG, 5
AGACT, 4
CATGT, 6
AAACACT, 2
TACAGCA, 2
ACAGCAC, 2
ACACTTT, 2
TGGCAGG, 2
CTTAA, 2
CTCACAG, 2
ACATAT, 3
CTTTTGC, 2
CTATTA, 2
CTTA, 7
CTCATG, 2
TCCCAGA, 2
TTCCC, 7
TGAAGTG, 2
TGGAGAT, 2
GTGGAAGG, 2
CCCTGTT, 2
CTCCTT, 4
TGCCTGG, 2
GTGAG, 5
AAAGG, 9
AGGAGTA, 3
GCCTGTC, 2
CTTCA, 12
TGTGTC, 5
CACATT, 3
CACTT, 3
TGCCAC, 2
TGGCCA, 2
GAAAAT, 2
TCACAA, 3
GAG, 89
CCTGAATG, 2
GGAAGG, 7
CCAACAT, 2
TATGGC, 3
ATTTGT, 2
TCTGC, 9
GTGGTGG, 4
AGCAGCA, 2
AAGTACT, 2
AGGCT, 5
TCT, 2
CCAAC, 6
CTCAC, 11
CACTGCT, 3
CTGACC, 2
GGACAT, 3
CGAT, 3
TGCAGCA, 2
CTT, 83
GCCTCAC, 3
CCCAGG, 3
CCTCAC, 5
GTAACAG, 2
CACCATC, 3
CAGCCAT, 2
ACTTTT, 2
GACC, 15
CTCCTA, 3
TCAGC, 5
AAGTGCTT, 2
TCTTT, 7
GAGAA, 6
ATATA, 2
AAGTCAG, 2
GATAAT, 2
CTGAGAC, 2
GCCCTCA, 2
GAAGTCA, 2
CTGGT, 6
TCAGTGT, 2
GTTTCT, 2
CTGC, 29
CAGACAGT, 2
GAACACG, 2
CACCA, 8
AACATGG, 2
TGGGCAG, 2
CTTGTGA, 2
TCCTCT, 3
GTGAGC, 3
GCGCCC, 2
GGGATT, 2
ATGGCT, 4
GGAAACA, 2
TGTGAAGA, 2
CTCTGTCC, 2
TCTGTCCA, 2
AGCAGAAT, 2
AGAGCTG, 2
GAA, 123
GACAATG, 2
CCTTCC, 4
GCCTA, 5
AAGAAG, 5
GGTTTC, 2
TCTTCT, 2
GGATGAG, 2
CCATAA, 2
TGTGAA, 6
CCACAGA, 2
CAGGGC, 4
AGACAC, 3
CTATAT, 2
CATATG, 2
CTCTGCCT, 2
ACAAT, 8
TTTCT, 5
GGAA, 32
AAGAGGC, 2
CATGTGA, 2
GCTCAT, 2
AAGGCAG, 2
TACTG, 3
GCCG, 2
TGTCCAA, 2
GCAGAA, 4
AGATGG, 3
CAAGAA, 4
AGCGG, 2
TCCTT, 7
TGATGA, 2
GGCTGTG, 2
GAGCCG, 2
TTGATG, 2
CTC, 102
TTG, 61
GGTGG, 11
TCAAGT, 3